<?xml version="1.0" encoding="UTF-8" standalone="no"?><team><Sportsman name="vasya"><eventCount>2</eventCount><commonResult>380</commonResult></Sportsman><Sportsman name="kolya"><eventCount>1</eventCount><commonResult>160</commonResult></Sportsman><Sportsman name="shura"><eventCount>2</eventCount><commonResult>400</commonResult></Sportsman><Sportsman name="katya"><eventCount>2</eventCount><commonResult>360</commonResult></Sportsman><Sportsman name="petya"><eventCount>2</eventCount><commonResult>380</commonResult></Sportsman><Sportsman name="dfdsfs"><eventCount>1</eventCount><commonResult>4124124</commonResult></Sportsman></team>