[{"name":"vasya","birthday":566341200000,"sex":"м","events":[{"place":"казань","year":2003,"result":200,"award":"gold"},{"place":"москва","year":2002,"result":180,"award":"silver"}],"commonResult":380},{"name":"kolya","birthday":474411600000,"sex":"м","events":[{"place":"казань","year":2003,"result":160,"award":"bronze"}],"commonResult":160},{"name":"shura","birthday":382395600000,"sex":"ж","events":[{"place":"киев","year":2001,"result":200,"award":"gold"},{"place":"москва","year":2002,"result":200,"award":"gold"}],"commonResult":400},{"name":"katya","birthday":947624400000,"sex":"ж","events":[{"place":"нижнекамск","year":2010,"result":160,"award":"bronze"},{"place":"альметьевск","year":2011,"result":200,"award":"gold"}],"commonResult":360},{"name":"petya","birthday":979246800000,"sex":"м","events":[{"place":"бугульма","year":2015,"result":200,"award":"gold"},{"place":"минск","year":2017,"result":180,"award":"silver"}],"commonResult":380},{"name":"dfdsfs","birthday":-23195473200000,"sex":"м","events":[{"place":"фыаыфафа","year":1234,"result":4124124,"award":"2"}],"commonResult":4124124}]